I_unser, I_Unser_error, BCM ave rate, BCM ave rate error, fit Residual, residual error, time (min)
4.90028,0.197066,276272,0.01,-0.28289,-5.77294,4.02152,3.35833
10.8657,0.213201,308537,0.01,-0.348949,-3.21147,1.96214,7.46667
14.2836,0.202031,328650,0.01,-0.0893358,-0.625442,1.41442,14.3167
19.1144,0.191565,355448,0.01,-0.0202485,-0.105933,1.00221,20.2583
4.53736,0.19518,277295,0.01,0.267122,5.88716,4.30162,24.3083
9.64322,0.226455,305733,0.01,0.36084,3.7419,2.34834,28.2
14.0602,0.197066,328692,0.01,0.141859,1.00894,1.40159,32.7583
Slope, error, Intercept, error
5469.23,82.6551,251018,1011.42
