I_unser, I_Unser_error, BCM ave rate, BCM ave rate error, fit Residual, residual error, time (min)
4.90028,0.197066,192476,0.01,-0.283741,-5.79031,4.02152,3.35833
10.8657,0.213201,429786,0.01,-0.365603,-3.36474,1.96214,7.46667
14.2836,0.202031,578097,0.01,-0.106499,-0.7456,1.41442,14.3167
19.1144,0.191565,776459,0.01,-0.0192856,-0.100896,1.00221,20.2583
4.53736,0.19518,200248,0.01,0.271864,5.99168,4.30162,24.3083
9.64322,0.226455,410218,0.01,0.371726,3.85479,2.34834,28.2
14.0602,0.197066,579800,0.01,0.159192,1.13222,1.40159,32.7583
Slope, error, Intercept, error
40334.4,609.628,6271,7459.67
